{"rec1": 0.06519440561532974, "rec2": 0.09869061410427094, "ndcg1": 0.03547637537121773, "ndcg2": 0.045003149658441544, "score": 0.24436454474925995, "_timestamp": 1705984812.696686, "_runtime": 3660.9101281166077, "_step": 0, "_wandb": {"runtime": 3658}}