{"rec1": 0.061883918941020966, "rec2": 0.0976020023226738, "ndcg1": 0.03530271351337433, "ndcg2": 0.04546466842293739, "score": 0.24025330320000648, "_timestamp": 1705959408.3852692, "_runtime": 2733.467894077301, "_step": 0, "_wandb": {"runtime": 2731}}