{"rec1": 0.058719202876091, "rec2": 0.09557024389505386, "ndcg1": 0.03220374509692192, "ndcg2": 0.04245995357632637, "score": 0.22895314544439316, "_timestamp": 1705981132.43136, "_runtime": 6754.546596050262, "_step": 0, "_wandb": {"runtime": 6752}}