{"rec1": 0.02199563756585121, "rec2": 0.04337890073657036, "ndcg1": 0.011083799414336681, "ndcg2": 0.016663698479533195, "score": 0.09312203619629145, "_timestamp": 1706006891.5007195, "_runtime": 3606.070279598236, "_step": 0, "_wandb": {"runtime": 3604}}