{"rec1": 0.03148911893367767, "rec2": 0.04577869921922684, "ndcg1": 0.019599469378590584, "ndcg2": 0.023975074291229248, "score": 0.12084236182272434, "_timestamp": 1706008092.3110046, "_runtime": 242.9174566268921, "_step": 0, "_wandb": {"runtime": 235}}