{"rec1": 0.019461315125226974, "rec2": 0.026309562847018242, "ndcg1": 0.010005246847867966, "ndcg2": 0.011996196582913399, "score": 0.06777232140302658, "_timestamp": 1705956652.5329058, "_runtime": 298.8793797492981, "_step": 0, "_wandb": {"runtime": 297}}