{"rec1": 0.06518734991550446, "rec2": 0.1017131432890892, "ndcg1": 0.03263325244188309, "ndcg2": 0.04293601214885712, "score": 0.24246975779533386, "_timestamp": 1705940053.5046587, "_runtime": 1891.9648306369781, "_step": 0, "_wandb": {"runtime": 1890}}