{"rec1": 0.056515153497457504, "rec2": 0.09397992491722107, "ndcg1": 0.03123539499938488, "ndcg2": 0.041923679411411285, "score": 0.22365415282547474, "_timestamp": 1705953394.9477644, "_runtime": 6271.537245512009, "_step": 0, "_wandb": {"runtime": 6269}}