{"rec1": 0.03264886140823364, "rec2": 0.05500253289937973, "ndcg1": 0.01817750744521618, "ndcg2": 0.024303629994392395, "score": 0.13013253174722195, "_timestamp": 1705956331.7942812, "_runtime": 579.5855443477631, "_step": 0, "_wandb": {"runtime": 577}}