{"rec1": 0.025189245119690895, "rec2": 0.039893001317977905, "ndcg1": 0.01483028382062912, "ndcg2": 0.01900581084191799, "score": 0.09891834110021591, "_timestamp": 1706007362.797804, "_runtime": 451.68002820014954, "_step": 0, "_wandb": {"runtime": 449}}