{"rec1": 0.02491038292646408, "rec2": 0.04777989163994789, "ndcg1": 0.015760257840156555, "ndcg2": 0.021882476285099983, "score": 0.11033300869166851, "_timestamp": 1705947101.5565968, "_runtime": 7023.566078662872, "_step": 0, "_wandb": {"runtime": 7021}}