{"rec1": 0.0702534094452858, "rec2": 0.10716327279806137, "ndcg1": 0.04027252271771431, "ndcg2": 0.050755422562360764, "score": 0.26844462752342224, "_timestamp": 1705967857.920883, "_runtime": 5924.751391887665, "_step": 0, "_wandb": {"runtime": 5923}}