{"rec1": 0.06228009611368179, "rec2": 0.10155866295099258, "ndcg1": 0.03750820457935333, "ndcg2": 0.0486314631998539, "score": 0.2499784268438816, "_timestamp": 1705986645.8396795, "_runtime": 1809.6222314834595, "_step": 0, "_wandb": {"runtime": 1807}}