{"rec1": 0.05176430940628052, "rec2": 0.09008422493934631, "ndcg1": 0.027553098276257515, "ndcg2": 0.03842573240399361, "score": 0.20782736502587795, "_timestamp": 1705973644.0577533, "_runtime": 5766.119558334351, "_step": 0, "_wandb": {"runtime": 5764}}