{"rec1": 0.055546220391988754, "rec2": 0.08814780414104462, "ndcg1": 0.029492173343896866, "ndcg2": 0.03916618227958679, "score": 0.21235238015651703, "_timestamp": 1705938142.3350155, "_runtime": 580.1063776016235, "_step": 0, "_wandb": {"runtime": 578}}