{"rec1": 0.010661478154361248, "rec2": 0.019205579534173012, "ndcg1": 0.006353416014462709, "ndcg2": 0.008845539763569832, "score": 0.0450660134665668, "_timestamp": 1705993531.9731565, "_runtime": 318.4051773548126, "_step": 0, "_wandb": {"runtime": 316}}