{"rec1": 0.03028135746717453, "rec2": 0.04721390828490257, "ndcg1": 0.015874706208705902, "ndcg2": 0.020541680976748466, "score": 0.11391165293753147, "_timestamp": 1706000548.1888146, "_runtime": 6995.302464723587, "_step": 0, "_wandb": {"runtime": 6993}}