{"rec1": 0.03301776945590973, "rec2": 0.051634691655635834, "ndcg1": 0.016787244006991386, "ndcg2": 0.021981144323945045, "score": 0.123420849442482, "_timestamp": 1705955734.832319, "_runtime": 2322.537678003311, "_step": 0, "_wandb": {"runtime": 2320}}