{"rec1": 0.06216868385672569, "rec2": 0.09365694969892502, "ndcg1": 0.033870771527290344, "ndcg2": 0.04282611235976219, "score": 0.23252251744270325, "_timestamp": 1706008782.5843797, "_runtime": 669.5787446498871, "_step": 0, "_wandb": {"runtime": 667}}