{"rec1": 0.03630055487155914, "rec2": 0.06494870781898499, "ndcg1": 0.01940334215760231, "ndcg2": 0.027530785650014877, "score": 0.14818339049816132, "_timestamp": 1706000985.7032456, "_runtime": 417.01880168914795, "_step": 0, "_wandb": {"runtime": 415}}