{"rec1": 0.028773730620741844, "rec2": 0.03711825609207153, "ndcg1": 0.014480003155767918, "ndcg2": 0.016827868297696114, "score": 0.09719985816627741, "_timestamp": 1706003263.6226988, "_runtime": 2258.447632789612, "_step": 0, "_wandb": {"runtime": 2256}}