{"rec1": 0.03554975613951683, "rec2": 0.06862428784370422, "ndcg1": 0.01974313333630562, "ndcg2": 0.029363738372921944, "score": 0.15328091569244862, "_timestamp": 1706007822.7352152, "_runtime": 440.05977630615234, "_step": 0, "_wandb": {"runtime": 438}}