{"rec1": 0.03130275756120682, "rec2": 0.06593973189592361, "ndcg1": 0.017133377492427826, "ndcg2": 0.02647341415286064, "score": 0.1408492811024189, "_timestamp": 1705935689.045589, "_runtime": 345.5314779281616, "_step": 0, "_wandb": {"runtime": 343}}