{"rec1": 0.05418271943926811, "rec2": 0.0910685658454895, "ndcg1": 0.031268369406461716, "ndcg2": 0.04172278940677643, "score": 0.21824244409799576, "_timestamp": 1705961485.5143423, "_runtime": 2054.180628299713, "_step": 0, "_wandb": {"runtime": 2052}}