{"rec1": 0.06707700341939926, "rec2": 0.10711061954498291, "ndcg1": 0.039049308747053146, "ndcg2": 0.05038435384631157, "score": 0.2636212855577469, "_timestamp": 1705974358.6665914, "_runtime": 694.3821353912354, "_step": 0, "_wandb": {"runtime": 692}}