{"rec1": 0.03828410431742668, "rec2": 0.06483744829893112, "ndcg1": 0.020984170958399773, "ndcg2": 0.02793891355395317, "score": 0.15204463712871075, "_timestamp": 1706009508.1165187, "_runtime": 701.0098598003387, "_step": 0, "_wandb": {"runtime": 699}}