{"rec1": 0.039503492414951324, "rec2": 0.061974819749593735, "ndcg1": 0.02596941776573658, "ndcg2": 0.03248617798089981, "score": 0.15993390791118145, "_timestamp": 1705993192.073867, "_runtime": 6525.273141145706, "_step": 0, "_wandb": {"runtime": 6523}}