{"rec1": 0.059055145829916, "rec2": 0.11600703001022339, "ndcg1": 0.03391673043370247, "ndcg2": 0.04948049038648605, "score": 0.2584593966603279, "_timestamp": 1705937545.8906362, "_runtime": 1838.0240371227264, "_step": 0, "_wandb": {"runtime": 1836}}