{"rec1": 0.028775202110409737, "rec2": 0.041077110916376114, "ndcg1": 0.012472450733184814, "ndcg2": 0.015761828050017357, "score": 0.09808659180998802, "_timestamp": 1705961910.458008, "_runtime": 404.9592671394348, "_step": 0, "_wandb": {"runtime": 403}}